
<GDAL_WMS>
  <Service name="WMS">
    <Version>1.1.1</Version>
    <ServerUrl>https://webmap.lroc.asu.edu/?SERVICE=WMS&REQUEST=GetCapabilities</ServerUrl>
    <SRS>IAU2000:30120</SRS>
    <ImageFormat>image/jpeg</ImageFormat>
    <Layers>MDIM21</Layers>
  </Service>
  <DataWindow>
    <UpperLeftX>180</UpperLeftX>
    <UpperLeftY>0</UpperLeftY>
    <LowerRightX>-180</LowerRightX>
    <LowerRightY>-90</LowerRightY>
     <SizeX>1000</SizeX>
     <SizeY>1000</SizeY>
  </DataWindow>
  <Projection>IAU2000:30120</Projection>
  <BandsCount>1</BandsCount>
  <DataType>Byte</DataType>
</GDAL_WMS>
