TMS Address,Tile Levels,Min Value,Max Value,NoData,UpperLeftX,LowerRightX,UpperLeftY,LowerRightX,Projection
http://astro.arcgis.com/arcgis/rest/services/OnMars/CTX/MapServer/tile/${z}/${y}/${x},12,1,255,0,-180,180,90,-90,"GEOGCS[""GCS_Mars_2000_Sphere"",DATUM[""D_Mars_2000_Sphere"",SPHEROID[""Mars_2000_Sphere_IAU_IAG"",3396190.0,0.0]],PRIMEM[""Reference_Meridian"",0.0],UNIT[""Degree"",0.0174532925199433]]"
http://astro.arcgis.com/arcgis/rest/services/OnMars/HiRISE_DEM/ImageServer/tile/${z}/${y}/${x},15,-8550,21250,-32678,-180,180,90,-90,"GEOGCS[""GCS_Mars_2000_Sphere"",DATUM[""D_Mars_2000_Sphere"",SPHEROID[""Mars_2000_Sphere_IAU_IAG"",3396190.0,0.0]],PRIMEM[""Reference_Meridian"",0.0],UNIT[""Degree"",0.0174532925199433]]"
http://astro.arcgis.com/arcgis/rest/services/OnMars/HiRISELS/base/MapServer/tile/${z}/${y}/${x},17,1,255,0,-180,180,90,-90,"GEOGCS[""GCS_Mars_2000_Sphere"",DATUM[""D_Mars_2000_Sphere"",SPHEROID[""Mars_2000_Sphere_IAU_IAG"",3396190.0,0.0]],PRIMEM[""Reference_Meridian"",0.0],UNIT[""Degree"",0.0174532925199433]]"
http://astro.arcgis.com/arcgis/rest/services/OnMars/HiRISE/base/MapServer/tile/${z}/${y}/${x},17,1,1029,0,-180,180,90,-90,"GEOGCS[""GCS_Mars_2000_Sphere"",DATUM[""D_Mars_2000_Sphere"",SPHEROID[""Mars_2000_Sphere_IAU_IAG"",3396190.0,0.0]],PRIMEM[""Reference_Meridian"",0.0],UNIT[""Degree"",0.0174532925199433]]"
http://astro.arcgis.com/arcgis/rest/services/OnMars/HiRISE/MapServer/tile/${z}/${y}/${x},17,1,255,0,-180,180,90,-90,"GEOGCS[""GCS_Mars_2000_Sphere"",DATUM[""D_Mars_2000_Sphere"",SPHEROID[""Mars_2000_Sphere_IAU_IAG"",3396190.0,0.0]],PRIMEM[""Reference_Meridian"",0.0],UNIT[""Degree"",0.0174532925199433]]"
http://astro.arcgis.com/arcgis/rest/services/OnMars/MDIM/MapServer/tile/${z}/${y}/${x},7,0,255,,-180,180,90,-90,"GEOGCS[""GCS_Mars_2000_Sphere"",DATUM[""D_Mars_2000_Sphere"",SPHEROID[""Mars_2000_Sphere_IAU_IAG"",3396190.0,0.0]],PRIMEM[""Reference_Meridian"",0.0],UNIT[""Degree"",0.0174532925199433]]"
http://astro.arcgis.com/arcgis/rest/services/OnMars/MOLA/ImageServer/tile/${z}/${y}/${x},6,-8550,21250,-32678,-180,180,90,-90,"GEOGCS[""GCS_Mars_2000_Sphere"",DATUM[""D_Mars_2000_Sphere"",SPHEROID[""Mars_2000_Sphere_IAU_IAG"",3396190.0,0.0]],PRIMEM[""Reference_Meridian"",0.0],UNIT[""Degree"",0.0174532925199433]]"
http://astro.arcgis.com/arcgis/rest/services/OnMars/MDEM200M/ImageServer/tile/${z}/${y}/${x},7,-8550,21250,-32678,-180,180,90,-90,"GEOGCS[""GCS_Mars_2000_Sphere"",DATUM[""D_Mars_2000_Sphere"",SPHEROID[""Mars_2000_Sphere_IAU_IAG"",3396190.0,0.0]],PRIMEM[""Reference_Meridian"",0.0],UNIT[""Degree"",0.0174532925199433]]"
http://astro.arcgis.com/arcgis/rest/services/OnMars/MColorDEM/MapServer/tile/${z}/${y}/${x},7,0,255,,-180,180,90,-90,"GEOGCS[""GCS_Mars_2000_Sphere"",DATUM[""D_Mars_2000_Sphere"",SPHEROID[""Mars_2000_Sphere_IAU_IAG"",3396190.0,0.0]],PRIMEM[""Reference_Meridian"",0.0],UNIT[""Degree"",0.0174532925199433]]"
http://astro.arcgis.com/arcgis/rest/services/OnMars/THEMIS_DayIR/MapServer/tile/${z}/${y}/${x},8,1,255,0,-180,180,90,-90,"GEOGCS[""GCS_Mars_2000_Sphere"",DATUM[""D_Mars_2000_Sphere"",SPHEROID[""Mars_2000_Sphere_IAU_IAG"",3396190.0,0.0]],PRIMEM[""Reference_Meridian"",0.0],UNIT[""Degree"",0.0174532925199433]]"
http://astro.arcgis.com/arcgis/rest/services/OnMars/THEMIS_NightIR/MapServer/tile/${z}/${y}/${x},8,1,255,0,-180,180,90,-90,"GEOGCS[""GCS_Mars_2000_Sphere"",DATUM[""D_Mars_2000_Sphere"",SPHEROID[""Mars_2000_Sphere_IAU_IAG"",3396190.0,0.0]],PRIMEM[""Reference_Meridian"",0.0],UNIT[""Degree"",0.0174532925199433]]"
